n,m,girth,pow2_total,pow2_distinct_lengths,smallest_pow2_present,claw_centers,claw_free,planar,two_edge_connected,biconnected,longest_induced_path_lb,cycle_density_per_vertex,c4,c4_certified,c8,c8_certified,c16,c16_certified,c32,c32_certified,c64,c64_certified,lambda_max,lambda_2,lambda_min,spectral_gap,algebraic_connectivity,energy,algorithm,seed,girth_after_warmstart,stage,search_seconds,total_seconds,moves_per_second,proposed_moves,best_loss,counts_match_incremental,certified_all_lengths,is_counterexample,baseline_c4,baseline_c8,baseline_c16,baseline_total,c128,c128_certified,c256,c256_certified,best_algorithm
100,150,3,9648,"[8, 16, 32, 64]",8,85,False,False,True,True,66,96.48,0,True,1,True,1455,True,4096,False,4096,False,3.0000000000000004,2.7472626595995506,-2.718146118235238,0.2527373404004494,0.252737340400447,153.31841521195466,sa,1000,8,medium,9.866234125999654,41.49234982500002,25362.451993820025,250000,0.007071067811840126,True,False,False,3,10,1488,5597,,,,,
100,150,3,5740,"[16, 32]",16,97,False,False,True,True,66,57.4,0,True,0,True,1644,True,4096,False,0,False,3.000000000000005,2.731736085024397,-2.71224629281455,0.268263914975603,0.26826391497559887,153.40518293571705,tabu,1000,8,medium,8.057616782999503,24.211675923000257,372.35058641164005,3000,0.0,,False,False,3,10,1488,5597,,,,,
100,150,3,5782,"[8, 16, 32]",8,97,False,False,True,True,69,57.82,0,True,1,True,1685,True,4096,False,0,False,3.000000000000004,2.711817621024016,-2.777143182440596,0.28818237897598387,0.28818237897599064,153.4464151018788,dqn,1000,8,medium,18.222699488000217,34.30771655799981,122.06142444807777,2000,0.007071067811865475,,False,False,3,10,1488,5597,,,,,
100,150,3,1625,"[8, 16]",8,97,False,False,True,True,66,16.25,0,True,3,True,1622,True,0,False,0,False,3.000000000000009,2.769679787134006,-2.770608720480081,0.23032021286599402,0.23032021286600823,153.6260635758074,actor_critic,1000,8,medium,9.080381290000332,26.457319234999886,220.55214453038874,2000,0.021213203435596427,,False,False,3,10,1488,5597,,,,,
100,150,3,9614,"[8, 16, 32, 64]",8,85,False,False,True,True,67,96.14,0,True,2,True,1420,True,4096,False,4096,False,2.999999999999997,2.782292505528898,-2.683774088336276,0.21770749447110216,0.21770749447109944,153.39426191907242,sa,1001,7,medium,9.725682137999684,43.18419380999967,25708.35385539099,250000,0.014142135623704024,True,False,False,3,13,1603,5715,,,,,
100,150,5,10086,"[16, 32, 64]",16,100,False,False,True,True,63,100.86,0,True,0,True,1894,True,4096,False,4096,False,3.0000000000000044,2.6882286269162523,-2.7487153743574004,0.3117713730837477,0.3117713730837363,153.16461331938422,tabu,1001,7,medium,7.641480311999658,25.324483094999778,392.61784248783476,3000,0.0,,False,False,3,13,1603,5715,,,,,
100,150,3,9894,"[8, 16, 32, 64]",8,91,False,False,True,True,65,98.94,0,True,2,True,1700,True,4096,False,4096,False,3.0000000000000058,2.72418813886362,-2.7612158105107047,0.27581186113638,0.2758118611363761,153.14326598174296,dqn,1001,7,medium,17.424261370999375,34.22731509300047,131.84952821556294,2000,0.01414213562373095,,False,False,3,13,1603,5715,,,,,
100,150,3,1680,"[4, 8, 16]",4,94,False,False,True,True,64,16.8,1,True,4,True,1675,True,0,False,0,False,2.9999999999999987,2.720525333972301,-2.722575090668848,0.2794746660276992,0.2794746660276916,152.49198068154095,actor_critic,1001,7,medium,9.23617565800032,28.33460190200003,216.6106884466229,2000,0.0382842712474619,,False,False,3,13,1603,5715,,,,,
150,225,5,1797,"[8, 16]",8,150,False,False,True,True,96,11.98,0,True,2,True,1795,True,0,False,0,False,3.0000000000000004,2.7855346069073788,-2.7484196608690836,0.21446539309262125,0.21446539309261964,229.5162372321904,sa,1000,8,medium,9.857823608000217,27.107250074999683,25364.52749136616,250000,0.009428090415823744,True,False,False,4,16,1540,9840,0,False,,,
150,225,5,10404,"[16, 32, 64, 128]",16,150,False,False,True,True,91,69.36,0,True,0,True,1957,True,4096,False,4096,False,3.0000000000000004,2.741798209633588,-2.785962399269051,0.258201790366412,0.25820179036641255,229.69030074759985,tabu,1000,8,medium,4.0188191659999575,19.418859638999493,746.616713084319,3000,0.0,,False,False,4,16,1540,9840,255,False,,,
150,225,3,1764,[16],16,138,False,False,True,True,92,11.76,0,True,0,True,1764,True,0,False,0,False,3.0000000000000058,2.788604831649126,-2.7703682188251992,0.21139516835087413,0.21139516835086875,229.6293921736273,dqn,1000,8,medium,14.234894552999322,29.10178196400011,140.52938174573111,2000,0.0,,False,False,4,16,1540,9840,0,False,,,
150,225,4,10002,"[4, 8, 16, 32, 64, 128]",4,150,False,False,True,True,93,66.68,1,True,4,True,1804,True,4096,False,4096,False,3.0000000000000075,2.796668591301299,-2.770753654981245,0.20333140869870103,0.2033314086987022,229.5271008761074,actor_critic,1000,8,medium,6.189178569999967,21.154391916999884,323.2633189470896,2000,0.025522847498307934,,False,False,4,16,1540,9840,1,False,,,
150,225,3,10025,"[8, 16, 32, 64, 128]",8,141,False,False,True,True,95,66.83333333333333,0,True,2,True,1725,True,4096,False,4096,False,3.0000000000000058,2.785217522486055,-2.7576123303846134,0.21478247751394486,0.21478247751394827,229.6680201532916,sa,1001,7,medium,10.481055345000641,41.212587947999964,23855.698966329313,250000,0.009428090415825936,True,False,False,3,16,1782,1801,106,False,,,
150,225,5,6054,"[16, 32]",16,150,False,False,True,True,94,40.36,0,True,0,True,1958,True,4096,False,0,False,3.000000000000003,2.731241098168061,-2.7616115253953937,0.26875890183193896,0.26875890183194984,229.1873657787323,tabu,1001,7,medium,3.9618543509996016,34.313301537999905,757.355661987722,3000,0.0,,False,False,3,16,1782,1801,0,False,,,
150,225,3,10327,"[16, 32, 64, 128]",16,144,False,False,True,True,87,68.84666666666666,0,True,0,True,1819,True,4096,False,4096,False,2.9999999999999964,2.762479090462931,-2.7141993660000834,0.23752090953706917,0.23752090953706514,229.3001088336506,dqn,1001,7,medium,13.754450184000234,41.7728170649998,145.52742424446393,2000,0.0,,False,False,3,16,1782,1801,316,False,,,
150,225,3,10114,"[4, 8, 16, 32, 64, 128]",4,141,False,False,True,True,95,67.42666666666666,1,True,4,True,1617,True,4096,False,4096,False,2.999999999999995,2.76262488790149,-2.7677611026093394,0.23737511209851014,0.23737511209850445,229.06065986636455,actor_critic,1001,7,medium,6.367809170000328,34.45927108399974,314.19759650598246,2000,0.025522847498307934,,False,False,3,16,1782,1801,300,False,,,
200,300,3,1828,"[4, 8, 16]",4,194,False,False,True,True,117,9.14,1,True,1,True,1826,True,0,False,0,False,3.000000000000003,2.773138227296096,-2.7989129741209435,0.22686177270390395,0.2268617727039075,305.51451991944293,sa,1000,7,medium,9.815795813000477,18.63057150199984,25474.25605141357,250000,0.008535533905924014,True,False,False,4,16,1859,14167,0,False,,,
200,300,3,14308,"[16, 32, 64, 128]",16,197,False,False,True,True,124,71.54,0,True,0,True,2020,True,4096,False,4096,False,3.0000000000000058,2.7470773395122996,-2.783408461354392,0.2529226604877004,0.2529226604876918,305.6618817643167,tabu,1000,7,medium,4.482136741999966,13.272177277000083,670.0832759571842,3000,0.0,,False,False,4,16,1859,14167,4096,False,,,
200,300,3,10016,"[16, 32, 64]",16,194,False,False,True,True,118,50.08,0,True,0,True,1824,True,4096,False,4096,False,3.000000000000006,2.758909670419617,-2.7868113339687826,0.2410903295803828,0.2410903295803911,305.96853653901263,dqn,1000,7,medium,11.83879636399979,20.506075287000385,169.1008828088584,2000,0.0,,False,False,4,16,1859,14167,0,False,,,
200,300,3,14048,"[8, 16, 32, 64, 128]",8,188,False,False,True,True,124,70.24,0,True,3,True,1757,True,4096,False,4096,False,3.0000000000000013,2.7869515521121766,-2.779070350340858,0.2130484478878234,0.21304844788783825,305.7297397867674,actor_critic,1000,7,medium,6.937719088999984,14.380467359999784,288.39520831235063,2000,0.010606601717798213,,False,False,4,16,1859,14167,4096,False,,,
200,300,3,10081,"[8, 16, 32, 64]",8,194,False,False,True,True,118,50.405,0,True,2,True,1887,True,4096,False,4096,False,2.9999999999999973,2.7503453130174096,-2.775694686408586,0.2496546869825904,0.24965468698257484,305.6605075542268,sa,1001,7,medium,9.657730021000134,31.016619781000372,25891.247365646712,250000,0.00707106781185436,True,False,False,7,23,1650,5776,0,False,,,
200,300,5,14340,"[16, 32, 64, 128]",16,200,False,False,True,True,119,71.7,0,True,0,True,2052,True,4096,False,4096,False,3.0000000000000053,2.744419666458431,-2.80239535864985,0.25558033354156917,0.2555803335415713,305.6847656200388,tabu,1001,7,medium,4.010421508000036,26.999638000000232,748.2396987670026,3000,0.0,,False,False,7,23,1650,5776,4096,False,,,
200,300,3,14295,"[16, 32, 64, 128]",16,197,False,False,True,True,116,71.475,0,True,0,True,2007,True,4096,False,4096,False,3.000000000000015,2.7862266204950936,-2.7778503651834265,0.21377337950490638,0.21377337950491027,305.84231230531054,dqn,1001,7,medium,11.932162690000041,33.12817622199964,167.65790497952878,2000,0.0,,False,False,7,23,1650,5776,4096,False,,,
200,300,6,14338,"[8, 16, 32, 64, 128]",8,200,False,False,True,True,118,71.69,0,True,8,True,2042,True,4096,False,4096,False,2.9999999999999973,2.748867502145287,-2.8029092093417662,0.25113249785471314,0.2511324978547107,305.4567098401675,actor_critic,1001,7,medium,6.816749145999893,29.271424322000712,293.5042126364908,2000,0.0282842712474619,,False,False,7,23,1650,5776,4096,False,,,
300,450,5,1985,"[8, 16]",8,300,False,False,True,True,174,6.616666666666666,0,True,3,True,1982,True,0,False,0,False,3.0000000000000138,2.803722512983138,-2.803663591151817,0.1962774870168622,0.19627748701686812,458.45933516393603,sa,1000,7,medium,9.31198404800034,26.353523355000107,26880.200250730803,250000,0.007071067811867324,True,False,False,1,22,1995,14310,0,False,0,False,
300,450,6,14411,"[16, 32, 64, 128]",16,300,False,False,True,True,171,48.03666666666667,0,True,0,True,2123,True,4096,False,4096,False,3.0000000000000036,2.77446954649008,-2.7974725296039997,0.22553045350991985,0.22553045350991938,458.00541152578785,tabu,1000,7,medium,4.0372648029997436,18.318723122999472,744.8874099538771,3000,0.0,,False,False,1,22,1995,14310,4096,False,0,False,
300,450,3,1962,[16],16,291,False,False,True,True,175,6.54,0,True,0,True,1962,True,0,False,0,False,3.0000000000000027,2.7785648324224885,-2.7839122580378075,0.22143516757751147,0.22143516757751086,458.23904314303354,dqn,1000,7,medium,12.337440812999375,27.311990281000362,162.15851997661238,2000,0.0,,False,False,1,22,1995,14310,0,False,0,False,
300,450,6,2094,"[8, 16]",8,300,False,False,True,True,169,6.98,0,True,4,True,2090,True,0,False,0,False,2.999999999999997,2.7738349625989573,-2.7913011020370937,0.22616503740104266,0.2261650374010332,457.98473411651617,actor_critic,1000,7,medium,6.636752685999454,23.867745664000722,301.5144303234881,2000,0.009428090415820635,,False,False,1,22,1995,14310,0,False,0,False,
300,450,3,1921,"[8, 16]",8,288,False,False,True,True,171,6.403333333333333,0,True,2,True,1919,True,0,False,0,False,3.0000000000000058,2.7901942263875665,-2.7981358780723307,0.20980577361243347,0.209805773612441,458.8359592809715,sa,1001,7,medium,7.784731073999865,21.853427368000666,32128.488795233363,250000,0.004714045207915185,True,False,False,2,19,1844,14153,0,False,0,False,
300,450,5,14328,"[16, 32, 64, 128]",16,300,False,False,True,True,163,47.76,0,True,0,True,2040,True,4096,False,4096,False,2.999999999999996,2.7716641074161927,-2.7836433534118057,0.22833589258380727,0.22833589258380863,457.9244367650477,tabu,1001,7,medium,2.7384524580002108,12.630669006999597,1096.3464326029793,3000,0.0,,False,False,2,19,1844,14153,4096,False,0,False,
300,450,5,6010,"[16, 32]",16,300,False,False,True,True,175,20.033333333333335,0,True,0,True,1914,True,4096,False,0,False,2.999999999999997,2.7750277095029405,-2.806738750202962,0.22497229049705947,0.22497229049705167,458.35152937256686,dqn,1001,7,medium,8.008415046000664,18.2317662989999,249.86736041039717,2000,0.0,,False,False,2,19,1844,14153,0,False,0,False,
300,450,3,14220,"[4, 8, 16, 32, 64, 128]",4,291,False,False,True,True,171,47.4,1,True,3,True,1928,True,4096,False,4096,False,3.0000000000000067,2.8167834164024974,-2.7998509132883664,0.1832165835975026,0.18321658359749304,458.44338030678944,actor_critic,1001,7,medium,4.515720489999694,14.14737570500074,443.28764484830555,2000,0.01040440114519881,,False,False,2,19,1844,14153,4096,False,0,False,
100,150,3,5740,"[16, 32]",16,97,False,False,True,True,66,57.4,0,True,0,True,1644,True,4096,False,0,False,3.000000000000005,2.731736085024397,-2.71224629281455,0.268263914975603,0.26826391497559887,153.40518293571705,best,1000,8,medium,8.057616782999503,24.211675923000257,372.35058641164005,3000,0.0,,False,False,3,10,1488,5597,,,,,tabu
150,225,5,10404,"[16, 32, 64, 128]",16,150,False,False,True,True,91,69.36,0,True,0,True,1957,True,4096,False,4096,False,3.0000000000000004,2.741798209633588,-2.785962399269051,0.258201790366412,0.25820179036641255,229.69030074759985,best,1000,8,medium,4.0188191659999575,19.418859638999493,746.616713084319,3000,0.0,,False,False,4,16,1540,9840,255,False,,,tabu
200,300,3,14308,"[16, 32, 64, 128]",16,197,False,False,True,True,124,71.54,0,True,0,True,2020,True,4096,False,4096,False,3.0000000000000058,2.7470773395122996,-2.783408461354392,0.2529226604877004,0.2529226604876918,305.6618817643167,best,1000,7,medium,4.482136741999966,13.272177277000083,670.0832759571842,3000,0.0,,False,False,4,16,1859,14167,4096,False,,,tabu
300,450,6,14411,"[16, 32, 64, 128]",16,300,False,False,True,True,171,48.03666666666667,0,True,0,True,2123,True,4096,False,4096,False,3.0000000000000036,2.77446954649008,-2.7974725296039997,0.22553045350991985,0.22553045350991938,458.00541152578785,best,1000,7,medium,4.0372648029997436,18.318723122999472,744.8874099538771,3000,0.0,,False,False,1,22,1995,14310,4096,False,0,False,tabu
