n,m,girth,pow2_total,pow2_distinct_lengths,smallest_pow2_present,claw_centers,claw_free,planar,two_edge_connected,biconnected,longest_induced_path_lb,cycle_density_per_vertex,c4,c4_certified,c8,c8_certified,c16,c16_certified,c32,c32_certified,c64,c64_certified,c128,c128_certified,c256,c256_certified,lambda_max,lambda_2,lambda_min,spectral_gap,algebraic_connectivity,energy,algorithm,seed,girth_after_warmstart,stage,search_seconds,total_seconds,moves_per_second,proposed_moves,best_loss,counts_match_incremental,certified_all_lengths,is_counterexample,baseline_c4,baseline_c8,baseline_c16,baseline_total,c512,c512_certified,best_algorithm
400,600,3,1979,"[8, 16]",8,394,False,False,True,True,215,4.9475,0,True,1,True,1978,True,0,False,0,False,0,False,0,False,3.000000000000008,2.808839552025679,-2.812290927217451,0.1911604479743212,0.19116044797431325,611.0239574480986,sa,1000,7,large,15.654899303000093,56.855226686000606,25560.569802070328,400000,0.0017677669529624674,True,False,False,1,17,1927,10137,,,
400,600,6,18496,"[16, 32, 64, 128, 256]",16,400,False,False,True,True,235,46.24,0,True,0,True,2112,True,4096,False,4096,False,4096,False,4096,False,3.000000000000003,2.7989420980519975,-2.797741946810595,0.20105790194800255,0.20105790194800055,610.4801990160341,tabu,1000,7,large,6.401922523999929,33.55384774599952,312.5724634788139,2000,0.0,,False,False,1,17,1927,10137,,,
400,600,3,18367,"[8, 16, 32, 64, 128, 256]",8,397,False,False,True,True,223,45.9175,0,True,2,True,1981,True,4096,False,4096,False,4096,False,4096,False,3.000000000000005,2.805458069002831,-2.83184333301143,0.1945419309971692,0.19454193099717906,611.3414004598146,sa,1001,7,large,15.264310933999695,42.59546616900025,26214.86465583754,400000,0.003535533905927676,True,False,False,1,16,1895,18296,,,
400,600,3,2090,[16],16,397,False,False,True,True,220,5.225,0,True,0,True,2090,True,0,False,0,False,0,False,0,False,3.0000000000000058,2.808032594548524,-2.796707106397259,0.19196740545147595,0.19196740545146831,610.8310093811433,tabu,1001,7,large,5.500055130999499,18.011388733000786,363.82028742615324,2000,0.0,,False,False,1,16,1895,18296,,,
600,900,3,18370,"[8, 16, 32, 64, 128, 256]",8,597,False,False,True,True,313,30.616666666666667,0,True,3,True,1983,True,4096,False,4096,False,4096,False,4096,False,2.9999999999999925,2.8056611997449012,-2.8121497418935117,0.19433880025509875,0.19433880025509023,916.0686751076795,sa,1000,7,large,16.531691678999778,35.88829307600008,24212.67828772509,400000,0.0035355339059335543,True,False,False,1,22,2095,18502,0,False,
600,900,6,18416,"[16, 32, 64, 128, 256]",16,600,False,False,True,True,333,30.69333333333333,0,True,0,True,2032,True,4096,False,4096,False,4096,False,4096,False,3.0,2.7977481111737146,-2.821112329853848,0.20225188882628542,0.20225188882629924,915.5457305375409,tabu,1000,7,large,2.4194366159999845,23.384328744999948,828.5487117066282,2000,0.0,,False,False,1,22,2095,18502,0,False,
600,900,3,18379,"[8, 16, 32, 64, 128, 256]",8,597,False,False,True,True,303,30.631666666666668,0,True,3,True,1992,True,4096,False,4096,False,4096,False,4096,False,3.0,2.801712740939378,-2.804299906537953,0.19828725906062195,0.19828725906062036,916.0324194355724,sa,1001,7,large,15.876240943000084,34.56057302699992,25213.327909404125,400000,0.0035355339059342543,True,False,False,1,12,2073,18470,0,False,
600,900,6,18450,"[16, 32, 64, 128, 256]",16,600,False,False,True,True,324,30.75,0,True,0,True,2066,True,4096,False,4096,False,4096,False,4096,False,3.000000000000005,2.7986219945309614,-2.8217816215250675,0.2013780054690386,0.20137800546904805,915.9746799961192,tabu,1001,7,large,3.1713721950000036,21.8174258880008,635.018731807994,2000,0.0,,False,False,1,12,2073,18470,0,False,
800,1200,3,2073,"[8, 16]",8,794,False,False,True,True,431,2.59125,0,True,3,True,2070,True,0,False,0,False,0,False,0,False,2.9999999999999987,2.8118665965781773,-2.811884946740979,0.18813340342182272,0.18813340342181417,1220.753076032363,sa,1000,7,large,15.654816017000485,35.52687602500009,25582.849056604093,400000,0.0026516504294491223,True,False,False,1,16,1926,18327,0,False,
800,1200,6,22571,"[16, 32, 64, 128, 256, 512]",16,800,False,False,True,True,425,28.21375,0,True,0,True,2091,True,4096,False,4096,False,4096,False,4096,False,3.0000000000000075,2.807751542158562,-2.813238165692559,0.19224845784143785,0.19224845784144043,1220.624568884434,tabu,1000,7,large,3.0498119719995884,21.285356643999876,657.8462546550546,2000,0.0,,False,False,1,16,1926,18327,4096,False,
800,1200,5,2004,"[8, 16]",8,800,False,False,True,True,424,2.505,0,True,1,True,2003,True,0,False,0,False,0,False,0,False,2.9999999999999973,2.8239793712389556,-2.819192270693006,0.1760206287610444,0.1760206287610493,1220.841457068529,sa,1001,7,large,15.802362518999871,60.76611914500063,25361.07920205412,400000,0.000883883476481757,True,False,False,2,15,1915,6028,0,False,
800,1200,5,18449,"[16, 32, 64, 128, 256]",16,800,False,False,True,True,414,23.06125,0,True,0,True,2065,True,4096,False,4096,False,4096,False,4096,False,3.0000000000000075,2.8084763272538935,-2.824925121526211,0.1915236727461065,0.19152367274610868,1220.8046456131046,tabu,1001,7,large,2.7131823400004578,44.37125772499985,743.04461358632,2000,0.0,,False,False,2,15,1915,6028,0,False,
1000,1500,5,18423,"[8, 16, 32, 64, 128, 256]",8,1000,False,False,True,True,515,18.423,0,True,3,True,2036,True,4096,False,4096,False,4096,False,4096,False,3.000000000000006,2.8156308973579924,-2.8158042683300915,0.18436910264200757,0.18436910264201814,1525.8832790710685,sa,1000,7,large,15.218938250000065,31.003760781999517,26347.119282164535,400000,0.0021213203435594824,True,False,False,1,18,2014,22513,0,False,
1000,1500,5,22502,"[16, 32, 64, 128, 256, 512]",16,1000,False,False,True,True,500,22.502,0,True,0,True,2022,True,4096,False,4096,False,4096,False,4096,False,3.0000000000000058,2.812638936313374,-2.8217709043209687,0.18736106368662586,0.1873610636866292,1525.8807825853523,tabu,1000,7,large,2.9034077999995134,15.397497588000078,692.3033235809024,2000,0.0,,False,False,1,18,2014,22513,4096,False,
1000,1500,4,22478,"[4, 8, 16, 32, 64, 128, 256, 512]",4,1000,False,False,True,True,509,22.478,1,True,2,True,1995,True,4096,False,4096,False,4096,False,4096,False,3.000000000000002,2.813470023709609,-2.816271926953444,0.18652997629039092,0.18652997629039467,1525.9164247810218,sa,1001,7,large,10.565063274999375,47.895450742999856,37964.8185592061,400000,0.0024142135623731603,True,False,False,3,17,2035,6151,4096,False,
1000,1500,5,2019,[16],16,1000,False,False,True,True,512,2.019,0,True,0,True,2019,True,0,False,0,False,0,False,0,False,3.0000000000000093,2.8103337230388696,-2.815480774844953,0.18966627696113036,0.1896662769611255,1525.6891252476867,tabu,1001,7,large,1.812594490000265,30.186709093999525,1113.464124945697,2000,0.0,,False,False,3,17,2035,6151,0,False,
400,600,6,18496,"[16, 32, 64, 128, 256]",16,400,False,False,True,True,235,46.24,0,True,0,True,2112,True,4096,False,4096,False,4096,False,4096,False,3.000000000000003,2.7989420980519975,-2.797741946810595,0.20105790194800255,0.20105790194800055,610.4801990160341,best,1000,7,large,6.401922523999929,33.55384774599952,312.5724634788139,2000,0.0,,False,False,1,17,1927,10137,,,tabu
600,900,6,18416,"[16, 32, 64, 128, 256]",16,600,False,False,True,True,333,30.69333333333333,0,True,0,True,2032,True,4096,False,4096,False,4096,False,4096,False,3.0,2.7977481111737146,-2.821112329853848,0.20225188882628542,0.20225188882629924,915.5457305375409,best,1000,7,large,2.4194366159999845,23.384328744999948,828.5487117066282,2000,0.0,,False,False,1,22,2095,18502,0,False,tabu
800,1200,6,22571,"[16, 32, 64, 128, 256, 512]",16,800,False,False,True,True,425,28.21375,0,True,0,True,2091,True,4096,False,4096,False,4096,False,4096,False,3.0000000000000075,2.807751542158562,-2.813238165692559,0.19224845784143785,0.19224845784144043,1220.624568884434,best,1000,7,large,3.0498119719995884,21.285356643999876,657.8462546550546,2000,0.0,,False,False,1,16,1926,18327,4096,False,tabu
1000,1500,5,22502,"[16, 32, 64, 128, 256, 512]",16,1000,False,False,True,True,500,22.502,0,True,0,True,2022,True,4096,False,4096,False,4096,False,4096,False,3.0000000000000058,2.812638936313374,-2.8217709043209687,0.18736106368662586,0.1873610636866292,1525.8807825853523,best,1000,7,large,2.9034077999995134,15.397497588000078,692.3033235809024,2000,0.0,,False,False,1,18,2014,22513,4096,False,tabu
