n,m,girth,pow2_total,pow2_distinct_lengths,smallest_pow2_present,claw_centers,claw_free,planar,two_edge_connected,biconnected,longest_induced_path_lb,cycle_density_per_vertex,c4,c4_certified,c8,c8_certified,c16,c16_certified,c32,c32_certified,lambda_max,lambda_2,lambda_min,spectral_gap,algebraic_connectivity,energy,algorithm,seed,girth_after_warmstart,stage,search_seconds,total_seconds,moves_per_second,proposed_moves,best_loss,counts_match_incremental,certified_all_lengths,is_counterexample,baseline_c4,baseline_c8,baseline_c16,baseline_total,c64,c64_certified,best_algorithm
50,75,3,5250,"[16, 32]",16,44,False,False,True,True,36,105.0,0,True,0,True,1154,True,4096,False,3.0000000000000018,2.7327769700581563,-2.638473468070322,0.26722302994184366,0.2672230299418445,77.53101673349494,sa,1000,7,warmup,3.9230348869996305,25.971579904000464,25494.70204756885,100000,-1.4281978377717053e-14,True,False,False,5,9,1156,5266,,,
50,75,3,5095,"[16, 32]",16,41,False,False,True,True,36,101.9,0,True,0,True,999,True,4096,False,3.000000000000005,2.7107613395399643,-2.6351335437935886,0.28923866046003566,0.2892386604600362,77.32907372274887,tabu,1000,7,warmup,4.396023219000199,7.516973239000436,341.2473674079124,1500,0.0,,False,False,5,9,1156,5266,,,
50,75,3,5203,"[4, 8, 16, 32]",4,41,False,False,True,True,36,104.06,1,True,4,True,1102,True,4096,False,3.000000000000001,2.657762006177141,-2.666860082314666,0.342237993822859,0.342237993822855,76.41890067820748,dqn,1000,7,warmup,8.292970084000444,11.671742225000344,157.67004856681433,1000,0.0765685424949238,,False,False,5,9,1156,5266,,,
50,75,3,1075,"[4, 8, 16]",4,41,False,False,True,True,36,21.5,1,True,5,True,1069,True,0,False,2.9999999999999964,2.701192141721005,-2.681860215920427,0.29880785827899503,0.29880785827898493,76.69512075891544,actor_critic,1000,7,warmup,8.655212642000151,31.414034901999912,153.5517466019276,1000,0.09071067811865476,,False,False,5,9,1156,5266,,,
50,75,3,5308,"[16, 32]",16,44,False,False,True,True,36,106.16,0,True,0,True,1212,True,4096,False,3.000000000000003,2.689889895876313,-2.729385728877949,0.3101101041236869,0.31011010412368023,77.44573964894609,sa,1001,7,warmup,3.6344355109995377,8.224004790000436,27518.989460787212,100000,-1.309889696710087e-14,True,False,False,4,14,1153,5267,,,
50,75,3,5152,"[16, 32]",16,41,False,False,True,True,36,103.04,0,True,0,True,1056,True,4096,False,3.000000000000005,2.67313894504815,-2.677387773862226,0.3268610549518498,0.326861054951853,77.42072844206761,tabu,1001,7,warmup,1.9733848200003195,6.439444137999999,760.2277541190412,1500,0.0,,False,False,4,14,1153,5267,,,
50,75,3,5027,"[4, 8, 16, 32]",4,38,False,False,True,True,36,100.54,3,True,2,True,926,True,4096,False,2.9999999999999982,2.729109638448573,-2.7106405586431994,0.2708903615514271,0.2708903615514263,76.15507960144166,dqn,1001,7,warmup,6.111607067000477,10.45420365999962,163.70556458887486,1000,0.0882842712474619,,False,False,4,14,1153,5267,,,
50,75,3,5236,"[8, 16, 32]",8,38,False,False,True,True,36,104.72,0,True,8,True,1132,True,4096,False,3.000000000000005,2.68443888706661,-2.7187681093776193,0.31556111293338995,0.31556111293339506,76.9325942536485,actor_critic,1001,7,warmup,2.9684704659994168,7.897617982999691,337.08232179225143,1000,0.1131370849898476,,False,False,4,14,1153,5267,,,
76,114,3,1588,"[8, 16]",8,70,False,False,True,True,53,20.894736842105264,0,True,1,True,1587,True,0,False,3.0000000000000058,2.6952775086578655,-2.7303829077866344,0.30472249134213447,0.3047224913421336,116.68261578719863,sa,1000,7,warmup,3.718984346999605,7.270621487999961,26894.001011763616,100000,0.009304036594576775,True,False,False,1,16,1462,9671,0,False,
76,114,3,5672,"[16, 32]",16,73,False,False,True,True,53,74.63157894736842,0,True,0,True,1576,True,4096,False,3.0000000000000093,2.694652743459689,-2.7706483368607975,0.30534725654031103,0.3053472565403158,116.95935006998305,tabu,1000,7,warmup,1.9572791549999238,5.61631269100053,766.5332808306345,1500,0.0,,False,False,1,16,1462,9671,0,False,
76,114,3,8740,"[8, 16, 32, 64]",8,70,False,False,True,True,52,115.0,0,True,7,True,1538,True,4096,False,3.0000000000000084,2.7148517676666217,-2.7680782274478872,0.28514823233337827,0.28514823233338293,116.68953392610973,dqn,1000,7,warmup,5.691098708000027,9.202449268999771,175.82065452676284,1000,0.06512825616191885,,False,False,1,16,1462,9671,3099,False,
76,114,4,6480,"[4, 8, 16, 32, 64]",4,76,False,False,True,True,51,85.26315789473684,1,True,5,True,1528,True,4096,False,3.0,2.688282953170186,-2.7436975553230942,0.31171704682981405,0.3117170468298123,116.23247258164275,actor_critic,1000,7,warmup,3.2933390200005306,6.884538154999973,303.8299291748471,1000,0.059678077709641286,,False,False,1,16,1462,9671,850,False,
76,114,3,6758,"[8, 16, 32, 64]",8,70,False,False,True,True,52,88.92105263157895,0,True,1,True,1463,True,4096,False,3.0000000000000027,2.738772822825369,-2.742319843264469,0.26122717717463084,0.26122717717463795,117.137003280598,sa,1001,7,warmup,3.435405148999962,7.50025371799984,29114.473562366216,100000,0.009304036594573219,True,False,False,2,15,1328,9537,1198,False,
76,114,3,1365,[16],16,67,False,False,True,True,52,17.960526315789473,0,True,0,True,1365,True,0,False,3.0000000000000067,2.7781725941065596,-2.7400322368111762,0.2218274058934404,0.22182740589345168,117.35374568461488,tabu,1001,7,warmup,2.0607075779998922,6.046051003000684,728.0469314972851,1500,0.0,,False,False,2,15,1328,9537,0,False,
76,114,3,7694,"[8, 16, 32, 64]",8,70,False,False,True,True,53,101.23684210526316,0,True,2,True,1532,True,4096,False,3.0000000000000107,2.7002445804689916,-2.7964499671712026,0.29975541953100837,0.2997554195310077,117.08061106954854,dqn,1001,7,warmup,5.772092586999861,9.333606119999786,173.32847465887755,1000,0.018608073189119674,,False,False,2,15,1328,9537,2064,False,
76,114,3,7699,"[4, 8, 16, 32, 64]",4,70,False,False,True,True,51,101.30263157894737,1,True,4,True,1301,True,4096,False,3.0000000000000133,2.7991369089647598,-2.6817799900508126,0.20086309103524025,0.2008630910352448,116.40784855652058,actor_critic,1001,7,warmup,3.460429916999601,7.609561167999345,289.8258971608672,1000,0.05037404111508145,,False,False,2,15,1328,9537,2297,False,
100,150,3,5726,"[4, 16, 32]",4,94,False,False,True,True,67,57.26,1,True,0,True,1629,True,4096,False,3.0000000000000018,2.748732198361803,-2.7378189537657085,0.25126780163819706,0.25126780163819895,153.31033019756092,sa,1000,7,warmup,3.7593344369997794,14.083633424999789,26607.571258000116,100000,0.00999999999999113,True,False,False,3,10,1488,5597,0,False,
100,150,5,9972,"[16, 32, 64]",16,100,False,False,True,True,67,99.72,0,True,0,True,1780,True,4096,False,2.9999999999999973,2.716233616100629,-2.738711087542499,0.2837663838993709,0.28376638389937925,153.34326162375137,tabu,1000,7,warmup,2.0761914309996428,11.77442419899944,722.6469831724223,1500,0.0,,False,False,3,10,1488,5597,4096,False,
100,150,3,9867,"[8, 16, 32, 64]",8,97,False,False,True,True,66,98.67,0,True,4,True,1671,True,4096,False,2.9999999999999956,2.702128491334672,-2.7450342868455317,0.29787150866532786,0.2978715086653293,152.94738436627986,dqn,1000,7,warmup,5.995386343000064,16.231858851000652,167.1017955647565,1000,0.0282842712474619,,False,False,3,10,1488,5597,4096,False,
100,150,4,9876,"[4, 8, 16, 32, 64]",4,100,False,False,True,True,65,98.76,1,True,5,True,1678,True,4096,False,3.0000000000000044,2.7479277652615557,-2.793207255525906,0.2520722347384443,0.25207223473844,153.2252547799654,actor_critic,1000,7,warmup,3.1660103080002955,13.447585237000567,316.05836303134015,1000,0.04535533905932738,,False,False,3,10,1488,5597,4096,False,
100,150,3,9883,"[16, 32, 64]",16,94,False,False,True,True,65,98.83,0,True,0,True,1691,True,4096,False,3.0000000000000004,2.7104139446376574,-2.7400764014261174,0.2895860553623426,0.28958605536234233,153.5057960460716,sa,1001,7,warmup,3.7259417180002856,14.890108005999537,26844.868919805795,100000,-9.495876307497042e-15,True,False,False,3,13,1603,5715,4096,False,
100,150,5,1910,[16],16,100,False,False,True,True,68,19.1,0,True,0,True,1910,True,0,False,3.000000000000001,2.691591132925751,-2.74734632598683,0.30840886707424886,0.3084088670742328,152.88527914474597,tabu,1001,7,warmup,1.867633599000328,12.811269292999896,803.350880637295,1500,0.0,,False,False,3,13,1603,5715,0,False,
100,150,3,9777,"[4, 8, 16, 32, 64]",4,97,False,False,True,True,65,97.77,2,True,2,True,1581,True,4096,False,3.000000000000005,2.746134830566582,-2.779172483632319,0.2538651694334182,0.25386516943341964,153.00543742834276,dqn,1001,7,warmup,5.48532049700043,16.19160895999994,182.3894233365662,1000,0.034142135623730946,,False,False,3,13,1603,5715,4096,False,
100,150,6,1934,"[8, 16]",8,100,False,False,True,True,67,19.34,0,True,8,True,1926,True,0,False,3.000000000000005,2.653433138700791,-2.7743786712826024,0.346566861299209,0.34656686129920483,152.67406982060848,actor_critic,1001,7,warmup,2.038044197999625,10.051020308999796,491.14746357072477,1000,0.0565685424949238,,False,False,3,13,1603,5715,0,False,
50,75,3,5250,"[16, 32]",16,44,False,False,True,True,36,105.0,0,True,0,True,1154,True,4096,False,3.0000000000000018,2.7327769700581563,-2.638473468070322,0.26722302994184366,0.2672230299418445,77.53101673349494,best,1000,7,warmup,3.9230348869996305,25.971579904000464,25494.70204756885,100000,-1.4281978377717053e-14,True,False,False,5,9,1156,5266,,,sa
76,114,3,5672,"[16, 32]",16,73,False,False,True,True,53,74.63157894736842,0,True,0,True,1576,True,4096,False,3.0000000000000093,2.694652743459689,-2.7706483368607975,0.30534725654031103,0.3053472565403158,116.95935006998305,best,1000,7,warmup,1.9572791549999238,5.61631269100053,766.5332808306345,1500,0.0,,False,False,1,16,1462,9671,0,False,tabu
100,150,3,9883,"[16, 32, 64]",16,94,False,False,True,True,65,98.83,0,True,0,True,1691,True,4096,False,3.0000000000000004,2.7104139446376574,-2.7400764014261174,0.2895860553623426,0.28958605536234233,153.5057960460716,best,1001,7,warmup,3.7259417180002856,14.890108005999537,26844.868919805795,100000,-9.495876307497042e-15,True,False,False,3,13,1603,5715,4096,False,sa
